{
    "url": "http://www.spylight.com/outfits/14912", 
    "info": {
        "url": "http://static.spylight.com/outfit_images/avatars/000/020/021/mobile_full/12197_5.jpg?1421879633", 
        "name": "scene_5.jpg"
    }, 
    "items": [
        {
            "url": "http://static.spylight.com/product_images/avatars/000/037/161/mobile_full/vest.jpg?1421988648", 
            "name": "scene_5_item_1.jpg", 
            "description": "MMG,Cropped Vest,$172.47,at Farfetch"
        }, 
        {
            "url": "http://static.spylight.com/product_images/avatars/000/037/163/mobile_full/feguzywhitetank.jpg?1421988653", 
            "name": "scene_5_item_2.jpg", 
            "description": "Alexander Wang,Classic Tank With Pocket,$80.00,at Revolve Clothing"
        }, 
        {
            "url": "http://static.spylight.com/product_images/avatars/000/037/160/mobile_full/jbrandjeggings.jpg?1421988644", 
            "name": "scene_5_item_3.jpg", 
            "description": "J Brand,Side Zip Legging Jeans,$161.00,at Shopbop"
        }
    ]
}