{
    "url": "http://www.spylight.com/outfits/15596", 
    "info": {
        "url": "http://static.spylight.com/outfit_images/avatars/000/018/679/mobile_full/image_change_1.jpg?1421879304", 
        "name": "scene_16.jpg"
    }, 
    "items": [
        {
            "url": "http://static.spylight.com/product_images/avatars/000/026/060/mobile_full/jpeg-1.jpg?1421980715", 
            "name": "scene_16_item_1.jpg", 
            "description": "AllSaints,Print Cigarette Jeans,$160.00,at ALLSAINTS"
        }, 
        {
            "url": "http://static.spylight.com/product_images/avatars/000/037/119/mobile_full/jpeg.jpg?1421988570", 
            "name": "scene_16_item_2.jpg", 
            "description": "Vans,Atwood Sneaker   Mens,$49.95,at DSW"
        }, 
        {
            "url": "http://static.spylight.com/product_images/avatars/000/010/547/mobile_full/Screen_Shot_2014-05-07_at_1.57.11_AM.jpg?1421971377", 
            "name": "scene_16_item_3.jpg", 
            "description": "Polo Ralph Lauren,Leather Belt,$70.00,at Nordstrom"
        }, 
        {
            "url": "http://static.spylight.com/product_images/avatars/000/020/368/mobile_full/91CboWUbrEL._UL1500_.jpg?1421979446", 
            "name": "scene_16_item_4.jpg", 
            "description": "Pact,Men's Essential Crewneck T Shirt,$30.00,at Amazon"
        }
    ]
}