{
    "url": "http://www.spylight.com/outfits/15045", 
    "info": {
        "url": "http://static.spylight.com/outfit_images/avatars/000/017/202/mobile_full/Screen_Shot_2014-10-09_at_1.43.39_PM.jpg?1421879178", 
        "name": "scene_6.jpg"
    }, 
    "items": [
        {
            "url": "http://static.spylight.com/product_images/avatars/000/037/568/mobile_full/_9576080.jpg?1421989380", 
            "name": "scene_6_item_1.jpg", 
            "description": "Catherine Malandrino,Colorblock Suiting Jacket,$94.80,at Nordstrom"
        }, 
        {
            "url": "http://static.spylight.com/product_images/avatars/000/037/570/mobile_full/1676285_fpx.jpg?1421989382", 
            "name": "scene_6_item_2.jpg", 
            "description": "Style &amp; Co.,Pull On Ponte Knit Pencil Skirt,$26.99,at Macy's"
        }
    ]
}