{
    "url": "http://www.spylight.com/outfits/19233", 
    "info": {
        "url": "http://static.spylight.com/outfit_images/avatars/000/022/365/mobile_full/22-jump-street__9_.jpg?1421882434", 
        "name": "scene_7.jpg"
    }, 
    "items": [
        {
            "url": "http://static.spylight.com/product_images/avatars/000/061/950/mobile_full/HavaianasMens-Havaianas80000290090390_large_PRODUCT_TOP_59466.jpg?1423312908", 
            "name": "scene_7_item_1.jpg", 
            "description": "Havaianas,Top,$18.00,at Havaianas"
        }, 
        {
            "url": "http://static.spylight.com/product_images/avatars/000/059/518/mobile_full/chann_board.jpg?1422553585", 
            "name": "scene_7_item_2.jpg", 
            "description": "Lost,Big Wig Boardshort,$27.99,at Swell"
        }, 
        {
            "url": "http://static.spylight.com/product_images/avatars/000/045/362/mobile_full/8053672171662_shad_qt.jpg?1421993146", 
            "name": "scene_7_item_3.jpg", 
            "description": "Wayfarers,New Way Farer Color Splash,$140.00,at Ray-Ban"
        }
    ]
}