{
    "url": "http://www.spylight.com/outfits/15454", 
    "info": {
        "url": "http://static.spylight.com/outfit_images/avatars/000/017/691/mobile_full/101.jpg?1421879958", 
        "name": "scene_26.jpg"
    }, 
    "items": [
        {
            "url": "http://static.spylight.com/product_images/avatars/000/038/648/mobile_full/blueshirt.jpg?1421989336", 
            "name": "scene_26_item_1.jpg", 
            "description": "Barney's New York,End On End Shirt,$225.00,at Barney's New York"
        }, 
        {
            "url": "http://static.spylight.com/product_images/avatars/000/033/738/mobile_full/tie.jpg?1421988367", 
            "name": "scene_26_item_2.jpg", 
            "description": "DKNY,Silk Stripe Tie,$48.75,at Lord &amp; Taylor"
        }, 
        {
            "url": "http://static.spylight.com/product_images/avatars/000/036/846/mobile_full/image.jpg?1421990002", 
            "name": "scene_26_item_3.jpg", 
            "description": "Boss Hugo Boss,Leather Strap Watch,$350.00,at Nordstrom"
        }
    ]
}